Factor Name,Category,Score
Primary GBP Category,Local Pack/Maps,227
Proximity of Address to the Point of Search (Searcher-Business Distance),Local Pack/Maps,225
Keywords in GBP Business Title,Local Pack/Maps,223
Physical Address in City of Search,Local Pack/Maps,213
Business is Open at Time of Search (Business Hours),Local Pack/Maps,189
High Numerical Google Ratings (e.g. 4-5),Local Pack/Maps,181
Address Is Showing on GBP (Not SAB),Local Pack/Maps,176
Additional GBP Categories,Local Pack/Maps,173
Quantity of Native Google Reviews (w/text),Local Pack/Maps,170
Proper Placement of the Map Pin,Local Pack/Maps,165
Recency of Reviews,Local Pack/Maps,164
Proximity of Address to Centroid,Local Pack/Maps,157
Click-Through Rate from Local Pack/Maps Search Results,Local Pack/Maps,156
Sustained Influx of Reviews Over Time (rather than bursts),Local Pack/Maps,154
HTML NAP Matching GBP NAP,Local Pack/Maps,153
Completeness of GBP,Local Pack/Maps,147
Keywords in GBP Landing Page Title Tag,Local Pack/Maps,146
Geographic (City/Neighborhood) Keyword Relevance of Content,Local Pack/Maps,142
Removal of spam listings through spam fighting,Local Pack/Maps,137
"Keywords in GBP Landing Page Headings (H1, H2, etc)",Local Pack/Maps,135
Proper Hours Set on GBP,Local Pack/Maps,134
Presence of GBP Predefined Services,Local Pack/Maps,134
Volume of Searches for Business Name,Local Pack/Maps,133
Dedicated Page for Each Service,Local Pack/Maps,132
Quality/Authority of Inbound Links to GBP Landing Page URL,Local Pack/Maps,127
Quantity of Inbound Links to GBP Landing Page URL from Locally-Relevant Domains,Local Pack/Maps,126
Quantity of Inbound Links to Domain from Locally-Relevant Domains,Local Pack/Maps,125
"Consistency of Citations on Primary Search Engines (Google Maps, Bing Maps, Apple Maps)",Local Pack/Maps,124
Verified GBP,Local Pack/Maps,123
Keywords in GBP Custom Service Titles,Local Pack/Maps,122
Quality/Authority of Inbound Links to Domain,Local Pack/Maps,122
Quantity of Inbound Links to Landing Page URL from Industry-Relevant Domains,Local Pack/Maps,122
"Quantity of Engagement Signals on GBP (scrolling through listing, clicking on sections, reacting to reviews, etc)",Local Pack/Maps,120
Keywords in GBP Services,Local Pack/Maps,118
Website's Degree of Focus on a Specific Niche,Local Pack/Maps,118
Keywords in Native Google Reviews,Local Pack/Maps,117
Topical (Product/Service) Keyword Relevance Across Entire Website,Local Pack/Maps,117
Quantity of Native Google Ratings (no text),Local Pack/Maps,116
Quantity of Inbound Links to Domain from Industry-Relevant Domains,Local Pack/Maps,114
In-store visits tracked by Android or Google Maps Mobile app location detection,Local Pack/Maps,113
Quantity of Requests for Driving Directions From GBP,Local Pack/Maps,113
Positive Sentiment in Review Text,Local Pack/Maps,112
Quantity of Reviews with Photos,Local Pack/Maps,111
Internal Links TO GBP Landing Page from Other Pages of Website,Local Pack/Maps,110
"Photo & Video Quality (resolution, clarity, not stock, etc)",Local Pack/Maps,108
Keywords in Anchor Text of Inbound Links to GBP Landing Page URL,Local Pack/Maps,108
Internal Linking Across Entire Website,Local Pack/Maps,107
Presence of GBP Custom Services,Local Pack/Maps,106
Quality/Authority of Structured Citations,Local Pack/Maps,105
Reference to Location Specific Entities on GBP Landing Page,Local Pack/Maps,104
Keywords in Anchor Text of Internal Links,Local Pack/Maps,103
Quantity of Inbound Links to GBP Landing Page URL,Local Pack/Maps,103
Keywords in Title Tags Across Entire Website,Local Pack/Maps,102
Website Uses HTTPS by default,Local Pack/Maps,102
Domain Authority of Website,Local Pack/Maps,102
Quantity of Inbound Links to Domain,Local Pack/Maps,102
Quantity of Clicks to Call Business From GBP,Local Pack/Maps,102
Age of GBP (Original Creation Date),Local Pack/Maps,101
"High Numerical Ratings by Authority Reviewers (e.g. Yelp Elite, Google Local Guides, etc)",Local Pack/Maps,101
Mobile-friendly/Responsive Website,Local Pack/Maps,101
Diversity of Inbound Links to Domain,Local Pack/Maps,101
Diversity of Inbound Links to GBP Landing Page URL,Local Pack/Maps,101
"Consistency of Citations on Key Sites (Yellowpages, Yelp, D&B, CityGrid)",Local Pack/Maps,101
"Quality/Authority of Unstructured Citations (Newspaper Articles, Blog Posts, Gov Sites, Industry Associations)",Local Pack/Maps,101
Keywords in Anchor Text of Inbound Links to Domain,Local Pack/Maps,100
Prominence on Key Industry-Relevant Domains,Local Pack/Maps,100
Proper Category Associations on Aggregators and Tier 1 Citation Sources,Local Pack/Maps,100
Page Authority of GBP Landing Page URL,Local Pack/Maps,99
Quantity of Citations from Locally-Relevant Domains,Local Pack/Maps,99
Presence of Products Added to GBP via Merchant Center,Local Pack/Maps,98
Keywords in Domain Name,Local Pack/Maps,97
Volume of Quality Content on Service Pages,Local Pack/Maps,97
Authority of Third-Party Sites on Which Reviews are Present,Local Pack/Maps,96
Photos Match Target Keywords,Local Pack/Maps,95
Quantity of Citations from Industry-Relevant Domains,Local Pack/Maps,95
Quanitity of User-Uploaded Photos,Local Pack/Maps,94
GBP Popular Times Section Shows Business as Busy,Local Pack/Maps,93
Relevancy of Photos to Categories,Local Pack/Maps,93
Diversity of Anchor Text to GBP Landing Page URL,Local Pack/Maps,93
Sustained Influx of Links Over Time (rather than bursts),Local Pack/Maps,93
User Added Attributes in GBP,Local Pack/Maps,92
Freshness of Content on GBP Landing Page,Local Pack/Maps,92
"Keywords in Headings (H1, H2, etc) Across Entire Website",Local Pack/Maps,92
Business Title in Anchor Text of Inbound Links to Domain,Local Pack/Maps,92
"Consistency of Citations on Data Aggregators (Infogroup, Localeze, Foursquare/Factual)",Local Pack/Maps,91
"Presence of ""Identifies as"" Attributes on GBP",Local Pack/Maps,90
Quantity of Reviews with Videos,Local Pack/Maps,90
Volume of Quality Content on Entire Website,Local Pack/Maps,90
Recency of Photos Uploaded to GBP,Local Pack/Maps,89
Keywords in GBP Products,Local Pack/Maps,89
Enhancement/Completeness of Citations,Local Pack/Maps,88
Keywords in GBP Landing Page URL,Local Pack/Maps,87
Business Title in Anchor Text of Inbound Links to GBP Landing Page URL,Local Pack/Maps,87
Relevancy of Videos to Categories,Local Pack/Maps,86
Loadtime of GBP Landing Page,Local Pack/Maps,85
Quantity of Photos on GBP,Local Pack/Maps,84
Diversity of Anchor Text to Domain,Local Pack/Maps,84
Age of Business (GBP Opening Date),Local Pack/Maps,82
Recency of Videos Uploaded to GBP,Local Pack/Maps,82
"Quantity of Reviews by Authority Reviewers (e.g. Yelp Elite, Google Local Guides, etc)",Local Pack/Maps,82
Volume of Content on GBP Landing Page,Local Pack/Maps,82
Length of Dwell Time on GBP,Local Pack/Maps,81
Keywords in Text Surrounding Links to GBP Landing Page,Local Pack/Maps,80
Presence of Crowd Sourced Attributes,Local Pack/Maps,79
Diversity of Third-Party Sites on Which Reviews are Present,Local Pack/Maps,79
Quantity of Reviews on Industry-Specific Sites,Local Pack/Maps,79
Presence of Business on Expert Curated Best of and Similar Lists,Local Pack/Maps,79
Freshness of Content Across Entire Website,Local Pack/Maps,78
Internal Links FROM GBP Landing Page to Other Pages of Website,Local Pack/Maps,78
"Quantity of Structured Citations (IYPs, Data Aggregators)",Local Pack/Maps,78
Freshness of Content on Service Pages,Local Pack/Maps,77
Local Area Code on GBP,Local Pack/Maps,76
Frequency of Owner/Manager Activity,Local Pack/Maps,76
High Numerical Third-Party Ratings (e.g. 4-5),Local Pack/Maps,76
"Quantity of Unstructured Citations (Newspaper Articles, Blog Posts)",Local Pack/Maps,76
Keywords in Text Surrounding Links to Domain,Local Pack/Maps,75
Presence of Place Topics Matching Keywords,Local Pack/Maps,74
NAP in Schema/JSON-LD on GBP Landing Page URL,Local Pack/Maps,73
"Quantity of Third-Party Traditional Reviews (e.g. Yelp, TripAdvisor, Yellowpages, etc)",Local Pack/Maps,72
Length of Dwell Time on GBP Landing Page,Local Pack/Maps,72
Quantity of Videos on GBP,Local Pack/Maps,71
Presence of Owner Responses to Most Reviews,Local Pack/Maps,70
Consistency of Citations on Other Citation Sources,Local Pack/Maps,70
Keywords in GBP Service Descriptions,Local Pack/Maps,69
Embedded Google Map for Location on GBP Landing Page,Local Pack/Maps,69
Quantity of Unlinked Brand Mentions,Local Pack/Maps,69
"Scannable Content Structure Across Entire Website (headings, bullet points, images, etc)",Local Pack/Maps,68
Click-Through Rate from Organic Search Results,Local Pack/Maps,68
Keywords in Third-Party Reviews,Local Pack/Maps,67
Quantity of Reviews with Answers to Review Questions,Local Pack/Maps,67
Social Profiles Are Linked to GBP,Local Pack/Maps,66
Proper Site Architecture Organized Into Topic Areas,Local Pack/Maps,66
BBB Accredited,Local Pack/Maps,66
Presence of FAQs on GBP Landing Page,Local Pack/Maps,65
Keywords in Text Surrounding Unlinked Brand Mentions,Local Pack/Maps,65
Presence of Products Added to GBP via NMX,Local Pack/Maps,64
Loadtime of Pages Across Entire Website,Local Pack/Maps,64
Quantity of Bookings Through Google Booking Partners,Local Pack/Maps,64
Number of Bookings Through GBP Booking Feature,Local Pack/Maps,63
"Quantity of Third-Party Unstructured Reviews (e.g. blogs, newspapers, magazines)",Local Pack/Maps,63
Presence of FAQs on Service Pages,Local Pack/Maps,61
Comprehensive Google Q&A Section with Owner-Seeded FAQs,Local Pack/Maps,60
Keywords in URLs Across Entire Website,Local Pack/Maps,60
Matching Google Account Domain to GBP Landing Page Domain,Local Pack/Maps,58
Quantity of Clicks on WhatsApp / SMS,Local Pack/Maps,57
Presence of Appointment URL,Local Pack/Maps,56
Presence of Social Media Updates on GBP,Local Pack/Maps,56
Frequency of Google Posts/Updates,Local Pack/Maps,55
Presence of 360 Tours / Immersive View,Local Pack/Maps,55
Keywords in GBP Landing Page Meta Description,Local Pack/Maps,55
Sustained Output of Content Over Time (rather than bursts),Local Pack/Maps,55
Setting Service Areas in GBP,Local Pack/Maps,54
Quanitity of Reactions to Photos/Videos,Local Pack/Maps,54
Keywords in Google Q&A,Local Pack/Maps,54
Keywords in Image ALT attributes on GBP Landing Page,Local Pack/Maps,54
"Quantity of Engagement Signals on Website (scrolling pages, clicking on things, etc)",Local Pack/Maps,54
Quantity of Social Media Users Mentioning The Business,Local Pack/Maps,53
GBP Booking Feature is Enabled,Local Pack/Maps,51
Quantity of Reactions to Reviews,Local Pack/Maps,50
Keywords in Google Posts/Updates,Local Pack/Maps,49
Website Content Marked Up in Schema,Local Pack/Maps,49
In-store visits tracked by third-party beacon or location detection technology,Local Pack/Maps,49
Quantity of Products on GBP,Local Pack/Maps,47
"Presence of Visible Keyword Text on Photos (overlay, not metadata)",Local Pack/Maps,46
Quantity of Transactions Identified Through Credit Card Partners,Local Pack/Maps,45
Quantity of Questions Asked in Google Q&A,Local Pack/Maps,44
Recency of Posts on Social Profiles,Local Pack/Maps,44
Quantity of Google Posts/Updates,Local Pack/Maps,43
Keywords in Image ALT attributes Across Entire Website,Local Pack/Maps,43
Keywords in Image Filenames on GBP Landing Page,Local Pack/Maps,43
Keywords in GBP Description,Local Pack/Maps,41
Engagement on Social Profiles,Local Pack/Maps,40
Quality of Posts on Social Profiles,Local Pack/Maps,38
Whatsapp/SMS is Enabled,Local Pack/Maps,37
Keywords in Image Filenames Across Entire Website,Local Pack/Maps,34
Linking Out to Authority Topically Relevant Sites,Local Pack/Maps,34
Sum of Transactions Identified Through Credit Card Partners,Local Pack/Maps,34
Frequency of Posts on Social Profiles,Local Pack/Maps,34
Keywords in Meta Descriptions Across Entire Website,Local Pack/Maps,33
Quantity of Posts on Social Profiles,Local Pack/Maps,32
Presence of Keywords in Image Metadata Fields,Local Pack/Maps,30
Keywords in Owner Responses to Reviews,Local Pack/Maps,28
Presence of XML Sitemap,Local Pack/Maps,28
Length of Title Tag,Local Pack/Maps,26
"Participation in Adwords, Adwords Express, Hotel Finder, or other paid Google products",Local Pack/Maps,26
Follower Count on Social Profiles,Local Pack/Maps,25
Presence of Geo-tagged Photos,Local Pack/Maps,23