Main Category,Sub Category,Service Name
Hardscaping & Outdoor Construction,Core Services,Patio Construction
Hardscaping & Outdoor Construction,Core Services,Patio Installation
Hardscaping & Outdoor Construction,Core Services,Custom Patio Design
Hardscaping & Outdoor Construction,Core Services,Paver Installation
Hardscaping & Outdoor Construction,Core Services,Concrete Work
Hardscaping & Outdoor Construction,Core Services,Driveway Installation & Replacement
Hardscaping & Outdoor Construction,Core Services,Walkway Construction
Hardscaping & Outdoor Construction,Core Services,Outdoor Stair Construction
Hardscaping & Outdoor Construction,Core Services,Retaining Walls
Hardscaping & Outdoor Construction,Structural / Prep Work,Excavation Services
Hardscaping & Outdoor Construction,Structural / Prep Work,Grading & Leveling
Hardscaping & Outdoor Construction,Structural / Prep Work,Site Preparation
Hardscaping & Outdoor Construction,Structural / Prep Work,Drainage Solutions
Hardscaping & Outdoor Construction,Structural / Prep Work,Land Clearing
Hardscaping & Outdoor Construction,Stone & Rock Work,Natural Stone Installation
Hardscaping & Outdoor Construction,Stone & Rock Work,Decorative Rock Landscaping
Hardscaping & Outdoor Construction,Stone & Rock Work,Boulder Placement
Softscaping (Plants & Green Areas),Lawn Services,Lawn Installation
Softscaping (Plants & Green Areas),Lawn Services,Sod Installation
Softscaping (Plants & Green Areas),Lawn Services,Artificial Turf Installation
Softscaping (Plants & Green Areas),Lawn Services,Lawn Repair
Softscaping (Plants & Green Areas),Planting Services,Garden Bed Installation
Softscaping (Plants & Green Areas),Planting Services,Shrub Installation
Softscaping (Plants & Green Areas),Planting Services,Tree Planting
Softscaping (Plants & Green Areas),Planting Services,Seasonal Flower Planting
Softscaping (Plants & Green Areas),Lawn Care Services,Lawn Mowing
Softscaping (Plants & Green Areas),Lawn Care Services,Fertilization
Softscaping (Plants & Green Areas),Lawn Care Services,Weed Control
Softscaping (Plants & Green Areas),Lawn Care Services,Mulching
Softscaping (Plants & Green Areas),Lawn Care Services,Seasonal Cleanup
Tree Services,,Tree Trimming
Tree Services,,Tree Removal
Tree Services,,Stump Grinding
Tree Services,,Arborist Services
Tree Services,,Emergency Tree Removal
Tree Services,,Tree Health Inspection
Irrigation & Water Systems,,Irrigation System Installation
Irrigation & Water Systems,,Irrigation System Design
Irrigation & Water Systems,,Sprinkler Installation
Irrigation & Water Systems,,Sprinkler Repair
Irrigation & Water Systems,,Leak Detection & Repair
Irrigation & Water Systems,,Drip Irrigation Systems
Irrigation & Water Systems,,Smart Irrigation Controllers
Irrigation & Water Systems,,Irrigation Maintenance Plans
Irrigation & Water Systems,,Winterization & System Startup
Outdoor Living & Luxury Features,,Outdoor Living Space Design
Outdoor Living & Luxury Features,,Backyard Remodeling
Outdoor Living & Luxury Features,,Outdoor Kitchens
Outdoor Living & Luxury Features,,Fire Pits
Outdoor Living & Luxury Features,,Pergola Installation
Outdoor Living & Luxury Features,,Gazebo Construction
Outdoor Living & Luxury Features,,Shade Structures
Outdoor Living & Luxury Features,,Outdoor Seating Areas
Outdoor Living & Luxury Features,,Outdoor Entertainment Areas
Outdoor Living & Luxury Features,,Pool Landscaping
Commercial Landscaping,,Commercial Landscape Maintenance
Commercial Landscaping,,Office Landscaping Services
Commercial Landscaping,,Retail Property Landscaping
Commercial Landscaping,,Apartment Complex Landscaping
Commercial Landscaping,,HOA Landscaping Maintenance
Commercial Landscaping,,Industrial Property Grounds Maintenance
Commercial Landscaping,,Contract Maintenance Services
Specialty & Modern Landscaping,,Xeriscaping (Drought-Resistant Landscaping)
Specialty & Modern Landscaping,,Eco-Friendly Landscaping
Specialty & Modern Landscaping,,Native Plant Landscaping
Specialty & Modern Landscaping,,Artificial Green Walls
Specialty & Modern Landscaping,,Water-Efficient Landscape Design
Specialty & Modern Landscaping,,Turf Replacement Services
Maintenance Packages,,Weekly Lawn Maintenance
Maintenance Packages,,Monthly Maintenance Plans
Maintenance Packages,,Seasonal Maintenance (Spring/Fall)
Maintenance Packages,,Full-Service Property Maintenance
